{
  "document_counts": [
    10,
    50,
    100,
    500,
    1000
  ],
  "embedding_times": [
    0.1343216896057129,
    1.0066142082214355,
    2.3747236728668213,
    23.064860820770264,
    76.20864248275757
  ],
  "storage_times": [
    0.004149198532104492,
    0.008252143859863281,
    0.013462305068969727,
    0.060919761657714844,
    0.12202644348144531
  ],
  "total_times": [
    0.13847756385803223,
    1.0148701667785645,
    2.3881900310516357,
    23.125784397125244,
    76.33067226409912
  ],
  "memory_usage_mb": [
    65.40234375,
    11.4609375,
    2.4296875,
    2.296875,
    4.42578125
  ],
  "peak_memory_mb": [
    4.965276718139648,
    4.965429306030273,
    4.964765548706055,
    5.7334442138671875,
    13.479718208312988
  ],
  "index_size_mb": [
    0.01951122283935547,
    0.08857059478759766,
    0.17416954040527344,
    0.8590307235717773,
    1.7149896621704102
  ],
  "avg_time_per_doc": [
    0.013847756385803222,
    0.020297403335571288,
    0.023881900310516357,
    0.04625156879425049,
    0.07633067226409912
  ]
}