{
  "dataset_sizes": [
    100,
    500,
    1000,
    2500,
    5000
  ],
  "avg_query_latency_ms": [
    7.7924652099609375,
    7.5438666343688965,
    9.100409030914307,
    8.518880605697632,
    8.449821710586548
  ],
  "avg_embedding_time_ms": [
    3.872471332550049,
    4.047325611114502,
    4.533081531524658,
    4.1881678104400635,
    4.12541127204895
  ],
  "avg_retrieval_time_ms": [
    3.9187471866607666,
    3.495285987854004,
    4.565873622894287,
    4.329336881637573,
    4.323012351989746
  ],
  "throughput_queries_per_sec": [
    128.32909394599824,
    132.55801679262558,
    109.88517072177483,
    117.38631473848524,
    118.34569228213746
  ],
  "min_latency_ms": [
    6.209135055541992,
    -524.2669582366943,
    6.398439407348633,
    6.352901458740234,
    6.404638290405273
  ],
  "max_latency_ms": [
    18.23902130126953,
    37.255048751831055,
    35.29834747314453,
    26.148319244384766,
    23.265838623046875
  ],
  "p50_latency_ms": [
    7.4520111083984375,
    7.773399353027344,
    8.794903755187988,
    7.959604263305664,
    8.112549781799316
  ],
  "p95_latency_ms": [
    10.085678100585936,
    10.371816158294678,
    11.611723899841307,
    12.011575698852534,
    11.127316951751709
  ],
  "p99_latency_ms": [
    12.471206188201903,
    11.803655624389645,
    14.917550086975098,
    16.386842727661133,
    14.33058500289917
  ]
}